subway,서울역,,37.5544092,126.9707527,,150,,공항철도 1호선&경의선&경의선&경부선&4호선&1호선
subway,시청역,,37.56499534,126.9762809,,151,,2호선&1호선
subway,종각역,,37.57007096,126.9830618,,152,,1호선
subway,종로3가역,,37.57148477,126.992004,,153,,5호선&3호선&1호선
subway,종로5가역,,37.57076436,127.0015216,,154,,1호선
subway,동대문역,,37.57093701,127.0105456,,155,,4호선&1호선
subway,신설동역,,37.57537509,127.0249772,,156,,2호선&1호선
subway,제기동역,,37.57806483,127.0349855,,157,,1호선
subway,청량리역,,37.57979466,127.0460808,,158,,경원선&1호선
subway,동묘앞역,,37.57229512,127.0162826,,159,,6호선&1호선
subway,을지로입구역,,37.56578928,126.9819174,,202,,2호선
subway,을지로3가역,,37.56648602,126.9912576,,203,,3호선&2호선
subway,을지로4가역,,37.56712433,126.9983432,,204,,5호선&2호선
subway,동대문역사문화공원역,,37.56524294,127.0078284,,205,,5호선&4호선&2호선
subway,신당역,,37.56564562,127.0178342,,206,,6호선&2호선
subway,상왕십리역,,37.56438569,127.0293246,,207,,2호선
subway,왕십리역,,37.56131665,127.0370741,,208,,경원선
subway,한양대역,,37.55554818,127.0435675,,209,,2호선
subway,뚝섬역,,37.54726848,127.0473243,,210,,2호선
subway,성수역,,37.54456548,127.0558817,,211,,2호선
subway,건대입구역,,37.54077017,127.0703305,,212,,7호선&2호선
subway,구의역,,37.5370658,127.0861764,,213,,2호선
subway,강변역,,37.53515647,127.0947187,,214,,2호선
subway,잠실나루역,,37.52060023,127.1031846,,215,,2호선
subway,잠실역,,37.51359863,127.1020893,,216,,8호선&2호선
subway,신천역,,37.51162144,127.0865458,,217,,2호선
subway,종합운동장역,,37.51134858,127.0741808,,218,,9호선2단계&2호선
subway,삼성역,,37.50904841,127.0629362,,219,,2호선
subway,선릉역,,37.50497496,127.0493839,,220,,분당선&2호선
subway,역삼역,,37.50038426,127.0369412,,221,,2호선
subway,강남역,,37.49690873,127.0280737,,222,,2호선
subway,서초역,,37.49157762,127.0080031,,224,,2호선
subway,방배역,,37.48151535,126.9975193,,225,,2호선
subway,사당역,,37.47660148,126.9816152,,226,,4호선&2호선
subway,낙성대역,,37.47755938,126.9637296,,227,,2호선
subway,서울대입구역,,37.48105136,126.9530324,,228,,2호선
subway,봉천역,,37.48216335,126.9415672,,229,,2호선
subway,신림역,,37.48374247,126.9296716,,230,,2호선
subway,신대방역,,37.48755131,126.9128748,,231,,2호선
subway,구로디지털단지역,,37.48531865,126.9016069,,232,,2호선
subway,대림역,,37.49338622,126.8954221,,233,,7호선&2호선
subway,신도림역,,37.50874248,126.8911025,,234,,경부선&2호선
subway,문래역,,37.51800085,126.8947357,,235,,2호선
subway,영등포구청역,,37.52497943,126.8961466,,236,,5호선&2호선
subway,당산역,,37.53487066,126.9025365,,237,,9호선&2호선
subway,합정역,,37.54993725,126.9142178,,238,,6호선&2호선
subway,홍대입구역,,37.55673836,126.9252557,,239,,공항철도 1호선&경의선&2호선
subway,신촌역,,37.55537589,126.9370587,,240,,경의선&2호선
subway,이대역,,37.55651581,126.946261,,241,,2호선
subway,아현역,,37.55707127,126.9557537,,242,,2호선
subway,충정로역,,37.56028887,126.9638554,,243,,5호선&2호선
subway,용답역,,37.56190643,127.0506563,,244,,2호선
subway,신답역,,37.57023285,127.0474696,,245,,2호선
subway,도림천역,,37.51418683,126.8823714,,247,,2호선
subway,양천구청역,,37.51201388,126.8658975,,248,,2호선
subway,신정네거리역,,37.51979397,126.8531463,,249,,2호선
subway,용두역,,37.57416449,127.0379179,,250,,2호선
subway,지축역,,37.6479459,126.9137859,,309,,3호선
subway,구파발역,,37.63675929,126.9186481,,310,,3호선
subway,연신내역,,37.61886021,126.9209198,,311,,6호선&3호선
subway,불광역,,37.60984534,126.9298313,,312,,6호선&3호선
subway,녹번역,,37.60078498,126.9358871,,313,,3호선
subway,홍제역,,37.58876297,126.9442082,,314,,3호선
subway,무악재역,,37.58243016,126.9505666,,315,,3호선
subway,독립문역,,37.57451522,126.9578848,,316,,3호선
subway,경복궁역,,37.57576324,126.9731438,,317,,3호선
subway,안국역,,37.57659441,126.9851206,,318,,3호선
subway,충무로역,,37.56157405,126.9942237,,321,,4호선&3호선
subway,동대입구역,,37.55957402,127.005415,,322,,3호선
subway,약수역,,37.55396235,127.0107337,,323,,6호선&3호선
subway,금호역,,37.54801533,127.0156124,,324,,3호선
subway,옥수역,,37.54113141,127.0182136,,325,,경원선&3호선
subway,압구정역,,37.52661631,127.028487,,326,,3호선
subway,신사역,,37.51646188,127.0202532,,327,,3호선
subway,잠원역,,37.51260669,127.0113756,,328,,3호선
subway,고속터미널역,,37.50461701,127.004919,,329,,9호선&7호선&3호선
subway,교대역,,37.49336112,127.013906,,330,,3호선&2호선
subway,남부터미널역,,37.48514369,127.0166047,,331,,3호선
subway,양재역,,37.48390396,127.0341972,,332,,3호선
subway,매봉역,,37.48733427,127.0471791,,333,,3호선
subway,도곡역,,37.49091672,127.0555398,,334,,분당선&3호선
subway,대치역,,37.49404819,127.0636928,,335,,3호선
subway,학여울역,,37.49652003,127.0710679,,336,,3호선
subway,대청역,,37.4939486,127.0796732,,337,,3호선
subway,일원역,,37.48445574,127.0848417,,338,,3호선
subway,수서역,,37.48727127,127.1023027,,339,,분당선&3호선
subway,경찰병원역,,37.49553995,127.1240256,,341,,3호선
subway,당고개역,,37.67047739,127.0790735,,409,,4호선
subway,상계역,,37.66036492,127.0732967,,410,,4호선
subway,노원역,,37.65536877,127.0625352,,411,,7호선&4호선
subway,창동역,,37.65328521,127.0477927,,412,,경원선&4호선
subway,쌍문역,,37.64861524,127.0351078,,413,,4호선
subway,수유역,,37.63759681,127.0256085,,414,,4호선
subway,미아역,,37.62647856,127.0264659,,415,,4호선
subway,미아사거리역,,37.61331615,127.0303576,,416,,4호선
subway,길음역,,37.6034498,127.0248863,,417,,4호선
subway,성신여대입구역,,37.59283757,127.0165313,,418,,4호선
subway,한성대입구역,,37.5884957,127.0059056,,419,,4호선
subway,혜화역,,37.58217807,127.0018975,,420,,4호선
subway,명동역,,37.56110477,126.9861788,,424,,4호선
subway,회현역,,37.55870688,126.9784787,,425,,4호선
subway,숙대입구역,,37.54445188,126.9724858,,427,,4호선
subway,삼각지역,,37.53484755,126.9734988,,428,,6호선&4호선
subway,신용산역,,37.52918797,126.968342,,429,,4호선
subway,이촌역,,37.52212565,126.9741234,,430,,경원선&4호선
subway,동작역,,37.50284532,126.9788804,,431,,9호선&4호선
subway,총신대입구역,,37.48608012,126.9822458,,432,,4호선
subway,남태령역,,37.46415062,126.9889974,,434,,4호선
subway,남영역,,37.54154316,126.971197,,1002,,경부선
subway,용산역,,37.52967336,126.9644817,,1003,,경부선
subway,노량진역,,37.51416056,126.9434509,,1004,,경부선&9호선
subway,대방역,,37.51382684,126.9267924,,1005,,경부선
subway,영등포역,,37.51543483,126.9074713,,1006,,경부선
subway,서빙고역,,37.51940709,126.9883773,,1009,,경원선
subway,한남역,,37.52940865,127.0087078,,1010,,경원선
subway,응봉역,,37.5499289,127.0344297,,1012,,경원선
subway,회기역,,37.58959942,127.0581337,,1015,,중앙선
subway,외대앞역,,37.59602963,127.0637459,,1016,,경원선
subway,신이문역,,37.60203541,127.0673928,,1017,,경원선
subway,석계역,,37.61465339,127.0662622,,1018,,경원선&6호선
subway,광운대역,,37.62355743,127.0618069,,1019,,경원선
subway,월계역,,37.63309847,127.05886,,1020,,경원선
subway,녹천역,,37.64414708,127.0531669,,1021,,경원선
subway,한티역,,37.49629145,127.0529247,,1024,,분당선
subway,구룡역,,37.48719208,127.0591644,,1026,,분당선
subway,개포동역,,37.48869485,127.0663117,,1027,,분당선
subway,대모산입구역,,37.49146604,127.0730534,,1028,,분당선
subway,복정역,,37.46948021,127.1266825,,1031,,분당선&8호선
subway,신길역,,37.51693749,126.9167221,,1032,,경부선&5호선
subway,중랑역,,37.59486937,127.0758472,,1201,,중앙선
subway,망우역,,37.59942757,127.0924072,,1203,,중앙선
subway,양원역,,37.60659371,127.1078406,,1204,,중앙선
subway,구리역,,37.60298823,127.1435663,,1205,,중앙선
subway,도농역,,37.6083356,127.1611533,,1206,,중앙선
subway,양정역,,37.60396116,127.1944472,,1207,,중앙선
subway,덕소역,,37.58717886,127.2086244,,1208,,중앙선
subway,도심역,,37.57956745,127.2224782,,1209,,중앙선
subway,팔당역,,37.54709038,127.2436563,,1210,,중앙선
subway,운길산역,,37.55450223,127.3106773,,1211,,중앙선
subway,양수역,,37.54580343,127.3289729,,1212,,중앙선
subway,신원역,,37.52549099,127.3730035,,1213,,중앙선
subway,국수역,,37.51639959,127.3980694,,1214,,중앙선
subway,아신역,,37.51371547,127.4435249,,1215,,중앙선
subway,오빈역,,37.50610265,127.4736543,,1216,,중앙선
subway,원덕역,,37.46859623,127.5464875,,1218,,중앙선
subway,용문역,,37.48170369,127.593706,,1219,,중앙선
subway,서강대역,,37.55169909,126.9356721,,1263,,경의선
subway,가좌역,,37.56873943,126.9146712,,1265,,경의선
subway,수색역,,37.58133788,126.8958182,,1267,,경의선
subway,화전역,,37.60293349,126.8681561,,1268,,경의선
subway,강매역,,37.61263629,126.8454869,,1269,,경의선
subway,행신역,,37.61208051,126.8343888,,1270,,경의선
subway,능곡역,,37.61908706,126.8201013,,1271,,경의선
subway,곡산역,,37.6457266,126.801907,,1272,,경의선
subway,백마역,,37.6576077,126.7950756,,1273,,경의선
subway,풍산역,,37.67200696,126.7859678,,1274,,경의선
subway,일산역,,37.68207041,126.7696142,,1275,,경의선
subway,탄현역,,37.69358528,126.7608707,,1276,,경의선
subway,운정역,,37.72603277,126.7672086,,1278,,경의선
subway,금릉역,,37.75161717,126.7657663,,1279,,경의선
subway,금촌역,,37.76568895,126.774347,,1280,,경의선
subway,월롱역,,37.79563472,126.7927847,,1282,,경의선
subway,파주역,,37.814951,126.7927303,,1283,,경의선
subway,문산역,,37.85436846,126.7883014,,1284,,경의선
subway,신내역,,37.61318569,127.1032969,,1311,,경춘선
subway,갈매역,,37.63371768,127.114654,,1312,,경춘선
subway,별내역,,37.64199332,127.1278098,,1313,,경춘선
subway,퇴계원역,,37.64792116,127.1441368,,1314,,경춘선
subway,사릉역,,37.65112036,127.177005,,1315,,경춘선
subway,금곡역,,37.63701574,127.2075617,,1316,,경춘선
subway,평내호평역,,37.65316336,127.2443221,,1317,,경춘선
subway,천마산역,,37.65775189,127.2874014,,1318,,경춘선
subway,마석역,,37.65300622,127.311407,,1319,,경춘선
subway,대성리역,,37.68387247,127.3796915,,1320,,경춘선
subway,청평역,,37.73517576,127.4265553,,1321,,경춘선
subway,상천역,,37.77002887,127.4544482,,1322,,경춘선
subway,가평역,,37.81448659,127.510594,,1323,,경춘선
subway,굴봉산역,,37.8317866,127.5579671,,1324,,경춘선
subway,백양리역,,37.83069511,127.5897641,,1325,,경춘선
subway,강촌역,,37.80549054,127.634258,,1326,,경춘선
subway,김유정역,,37.81847635,127.7141409,,1327,,경춘선
subway,남춘천역,,37.86364412,127.7238032,,1328,,경춘선
subway,춘천역,,37.88476972,127.7165981,,1329,,경춘선
subway,봉명역,,36.80112222,127.1358638,,1401,,장항선
subway,쌍용(나사렛대)역,,36.79356873,127.1210611,,1402,,장항선
subway,아산역,,36.79196264,127.1040286,,1403,,장항선
subway,배방역,,36.7777582,127.0529291,,1405,,장항선
subway,온양온천역,,36.78065285,127.0031928,,1407,,장항선
subway,신창역,,36.76982912,126.9516692,,1408,,장항선
subway,선바위역,,37.45175345,127.0025297,,1450,,과천선
subway,경마공원역,,37.44357934,127.0080532,,1451,,과천선
subway,대공원역,,37.43608302,127.0066063,,1452,,과천선
subway,과천역,,37.43261595,126.996618,,1453,,과천선
subway,정부과천청사역,,37.42645258,126.9900114,,1454,,과천선
subway,인덕원역,,37.40140241,126.9767425,,1455,,과천선
subway,평촌역,,37.39419827,126.9643813,,1456,,과천선
subway,범계역,,37.38990811,126.9510675,,1457,,과천선
subway,금정역,,37.37213307,126.943696,,1458,,경부선
subway,구로역,,37.50184965,126.8816582,,1701,,경부선
subway,가산디지털단지역,,37.48123571,126.8825775,,1702,,경부선&7호선
subway,금천구청역,,37.45574856,126.8943225,,1703,,경부선
subway,석수역,,37.4350251,126.9022388,,1704,,경부선
subway,관악역,,37.41893139,126.9090516,,1705,,경부선
subway,안양역,,37.401559,126.922793,,1706,,경부선
subway,명학역,,37.38464566,126.9353984,,1707,,경부선
subway,군포역,,37.3529254,126.94809,,1709,,경부선
subway,의왕역,,37.3204884,126.9477745,,1710,,경부선
subway,성균관대역,,37.29982012,126.971962,,1711,,경부선
subway,화서역,,37.28397226,126.9894693,,1712,,경부선
subway,수원역,,37.26580802,126.9996501,,1713,,분당선&경부선
subway,독산역,,37.46651984,126.8892294,,1714,,경부선
subway,세류역,,37.24376087,127.0135269,,1715,,경부선
subway,병점역,,37.20681461,127.0329959,,1716,,경부선
subway,세마역,,37.18719388,127.0432588,,1717,,경부선
subway,오산대역,,37.16917527,127.0627186,,1718,,경부선
subway,오산역,,37.14466474,127.0663547,,1719,,경부선
subway,진위역,,37.10970593,127.0622747,,1720,,경부선
subway,송탄역,,37.07549475,127.0540831,,1721,,경부선
subway,서정리역,,37.05659088,127.0529908,,1722,,경부선
subway,지제역,,37.01891738,127.0703155,,1723,,경부선
subway,평택역,,36.99064285,127.0852884,,1724,,경부선
subway,성환역,,36.91578788,127.1265798,,1725,,경부선
subway,직산역,,36.87093045,127.143599,,1726,,경부선
subway,두정역,,36.83353917,127.1489779,,1727,,경부선
subway,천안역,,36.81030082,127.1466382,,1728,,경부선
subway,당정역,,37.34355477,126.9481057,,1729,,경부선
subway,서동탄역,,37.19563512,127.0519136,,1749,,경부선
subway,광명역,,37.41742567,126.8854077,,1750,,경부선
subway,산본역,,37.35808948,126.9330062,,1751,,안산선
subway,대야미역,,37.32770755,126.9171248,,1752,,안산선
subway,반월역,,37.31254931,126.9038756,,1753,,안산선
subway,상록수역,,37.3029801,126.8668557,,1754,,안산선
subway,한대앞역,,37.30995678,126.8540198,,1755,,안산선
subway,중앙역,,37.31581092,126.8383636,,1756,,안산선
subway,고잔역,,37.31709679,126.8228376,,1757,,안산선
subway,초지역,,37.32056646,126.8061863,,1758,,안산선
subway,안산역,,37.32707801,126.7888525,,1759,,안산선
subway,신길온천역,,37.33781344,126.7672463,,1760,,안산선
subway,정왕역,,37.35160199,126.7427117,,1761,,안산선
subway,오이도역,,37.36220715,126.7387018,,1762,,안산선
subway,수리산역,,37.35015591,126.9254877,,1763,,안산선
subway,개봉역,,37.49513124,126.8584737,,1801,,경인선
subway,오류동역,,37.49430979,126.8444895,,1802,,경인선
subway,역곡역,,37.48519128,126.8122486,,1803,,경인선
subway,부천역,,37.4841311,126.7826826,,1804,,경인선
subway,송내역,,37.48756815,126.7529397,,1805,,경인선
subway,부평역,,37.48985388,126.7241528,,1806,,경인선
subway,백운역,,37.48331578,126.7075657,,1807,,경인선
subway,동암역,,37.47071974,126.7032199,,1808,,경인선
subway,주안역,,37.4647968,126.6806138,,1809,,경인선
subway,제물포역,,37.46662352,126.6573789,,1810,,경인선
subway,동인천역,,37.47533146,126.6325221,,1811,,경인선
subway,인천역,,37.47587589,126.6167736,,1812,,경인선
subway,구일역,,37.49633366,126.8697345,,1813,,경인선
subway,소사역,,37.48241344,126.7955133,,1814,,경인선
subway,부개역,,37.4884491,126.7403045,,1815,,경인선
subway,간석역,,37.46472866,126.6943004,,1816,,경인선
subway,도원역,,37.46844586,126.6424131,,1817,,경인선
subway,온수역,,37.49216463,126.8235974,,1821,,경인선&7호선
subway,중동역,,37.48651066,126.7644762,,1822,,경인선
subway,도화역,,37.46571887,126.6686867,,1823,,경인선
subway,서울숲역,,37.54353946,127.0444298,,1847,,분당선
subway,압구정로데오역,,37.52732284,127.0408003,,1848,,분당선
subway,선정릉역,,37.51038302,127.0439584,,1850,,분당선&9호선2단계
subway,가천대역,,37.44880348,127.1271362,,1851,,분당선
subway,태평역,,37.43952926,127.1281242,,1852,,분당선
subway,모란역,,37.43307693,127.1291528,,1853,,분당선&8호선
subway,야탑역,,37.41164406,127.1288182,,1854,,분당선
subway,서현역,,37.38481736,127.1236058,,1855,,분당선
subway,수내역,,37.37840051,127.1143507,,1856,,분당선
subway,정자역,,37.36666807,127.1078398,,1857,,분당선
subway,미금역,,37.35015318,127.1089451,,1858,,분당선
subway,오리역,,37.33932988,127.1091825,,1859,,분당선
subway,이매역,,37.39654336,127.1285623,,1860,,분당선
subway,보정역,,37.31283357,127.1080392,,1861,,분당선
subway,죽전역,,37.32480343,127.107343,,1862,,분당선
subway,구성역,,37.2988599,127.1045547,,1863,,분당선
subway,신갈역,,37.28623941,127.1113035,,1864,,분당선
subway,기흥역,,37.27542277,127.1157979,,1865,,분당선
subway,상갈역,,37.26209341,127.1094648,,1866,,분당선
subway,청명역,,37.25995432,127.0797013,,1867,,분당선
subway,영통역,,37.25166988,127.0715771,,1868,,분당선
subway,망포역,,37.2459109,127.0571452,,1869,,분당선
subway,매탄권선역,,37.25312586,127.0404681,,1870,,분당선
subway,수원시청역,,37.26286,127.0301017,,1871,,분당선
subway,매교역,,37.26502504,127.0161232,,1872,,분당선
subway,달월역,,37.37988179,126.7454146,,1878,,수인선
subway,월곶역,,37.39248801,126.7417581,,1879,,수인선
subway,소래포구역,,37.40076014,126.7340497,,1880,,수인선
subway,인천논현역,,37.40073299,126.7223041,,1881,,수인선
subway,호구포역,,37.40178029,126.7082956,,1882,,수인선
subway,남동인더스파크역,,37.40751582,126.6960747,,1883,,수인선
subway,연수역,,37.4179218,126.6788619,,1885,,수인선
subway,송도역,,37.42831478,126.6580289,,1886,,수인선
subway,방학역,,37.6676084,127.0443197,,1901,,경원선
subway,도봉역,,37.67914397,127.0456323,,1902,,경원선
subway,도봉산역,,37.68953366,127.0464321,,1903,,경원선&7호선
subway,망월사역,,37.710562,127.0470889,,1904,,경원선
subway,회룡역,,37.72405849,127.04702,,1905,,경원선
subway,의정부역,,37.73840223,127.0459397,,1906,,경원선
subway,가능역,,37.7487099,127.0441304,,1907,,경원선
subway,녹양역,,37.75916528,127.0423252,,1908,,경원선
subway,양주역,,37.77394017,127.0446034,,1909,,경원선
subway,덕계역,,37.81861871,127.0569134,,1910,,경원선
subway,덕정역,,37.84312225,127.0614762,,1911,,경원선
subway,지행역,,37.89213614,127.056059,,1912,,경원선
subway,동두천중앙역,,37.90186605,127.056521,,1913,,경원선
subway,보산역,,37.91397442,127.0569848,,1914,,경원선
subway,동두천역,,37.92745333,127.0549476,,1915,,경원선
subway,소요산역,,37.94871235,127.0611068,,1916,,경원선
subway,원흥역,,37.65107404,126.8741892,,1948,,일산선
subway,삼송역,,37.65325744,126.8954897,,1950,,일산선
subway,원당역,,37.65339715,126.8432577,,1951,,일산선
subway,화정역,,37.63502834,126.8330504,,1952,,일산선
subway,대곡역,,37.63158829,126.8104958,,1953,,일산선
subway,백석역,,37.64312906,126.7879956,,1954,,일산선
subway,마두역,,37.6519682,126.7776175,,1955,,일산선
subway,정발산역,,37.65940935,126.7733884,,1956,,일산선
subway,주엽역,,37.67010673,126.7612095,,1957,,일산선
subway,대화역,,37.67605362,126.7476784,,1958,,일산선
subway,방화역,,37.57736373,126.812808,,2511,,5호선
subway,개화산역,,37.57256762,126.8066077,,2512,,5호선
subway,김포공항역,,37.56226242,126.801392,,2513,,공항철도 1호선&경의선&9호선&5호선
subway,송정역,,37.56143319,126.8121238,,2514,,5호선
subway,마곡역,,37.56037173,126.8248479,,2515,,5호선
subway,발산역,,37.55887631,126.8374956,,2516,,5호선
subway,우장산역,,37.54881906,126.8359107,,2517,,5호선
subway,화곡역,,37.54126467,126.8407793,,2518,,5호선
subway,까치산역,,37.53193869,126.8469993,,2519,,5호선
subway,신정역,,37.52477072,126.85577,,2520,,5호선
subway,목동역,,37.52646425,126.8645138,,2521,,5호선
subway,오목교역,,37.52429614,126.8755678,,2522,,5호선
subway,양평역,,37.52561554,126.8865028,,2523,,중앙선&5호선
subway,영등포시장역,,37.52267336,126.9051499,,2525,,5호선
subway,여의도역,,37.52171797,126.9243185,,2527,,9호선&5호선
subway,여의나루역,,37.52727346,126.9330011,,2528,,5호선
subway,마포역,,37.53923458,126.9458211,,2529,,5호선
subway,공덕역,,37.54431887,126.9518463,,2530,,공항철도 1호선&경의선&6호선&5호선
subway,애오개역,,37.55338834,126.9565753,,2531,,5호선
subway,서대문역,,37.56587587,126.9666823,,2533,,5호선
subway,광화문역,,37.57187882,126.9759752,,2534,,5호선
subway,청구역,,37.56001673,127.0137903,,2538,,6호선&5호선
subway,신금호역,,37.55465315,127.0205117,,2539,,5호선
subway,행당역,,37.55732904,127.0297475,,2540,,5호선
subway,마장역,,37.56612593,127.043175,,2542,,5호선
subway,답십리역,,37.56678919,127.0520857,,2543,,5호선
subway,장한평역,,37.56160454,127.0641021,,2544,,5호선
subway,군자역,,37.55687417,127.0795351,,2545,,7호선&5호선
subway,아차산역,,37.5524345,127.0892267,,2546,,5호선
subway,광나루역,,37.54507088,127.1035799,,2547,,5호선
subway,천호역,,37.5381327,127.1231765,,2548,,8호선&5호선
subway,강동역,,37.53594264,127.1322153,,2549,,5호선
subway,길동역,,37.53779692,127.1400799,,2550,,5호선
subway,굽은다리역,,37.54543376,127.1430949,,2551,,5호선
subway,명일역,,37.55092836,127.1442913,,2552,,5호선
subway,고덕역,,37.55521572,127.1540232,,2553,,5호선
subway,상일동역,,37.55641468,127.1656373,,2554,,5호선
subway,둔촌동역,,37.5277391,127.1362148,,2555,,5호선
subway,올림픽공원역,,37.51641754,127.1310818,,2556,,5호선
subway,방이역,,37.5086743,127.1261281,,2557,,5호선
subway,오금역,,37.50227515,127.1280717,,2558,,5호선&3호선
subway,개롱역,,37.49815933,127.1346825,,2559,,5호선
subway,거여역,,37.49358243,127.1438112,,2560,,5호선
subway,마천역,,37.49503765,127.1531409,,2561,,5호선
subway,응암역,,37.59832109,126.915348,,2611,,6호선
subway,역촌역,,37.60623003,126.9232573,,2612,,6호선
subway,독바위역,,37.61839926,126.9328723,,2614,,6호선
subway,구산역,,37.61114488,126.9167285,,2616,,6호선
subway,새절역,,37.5912018,126.9132864,,2617,,6호선
subway,증산역,,37.5835945,126.9093782,,2618,,6호선
subway,디지털미디어시티역,,37.57682223,126.9000358,,2619,,공항철도 1호선&경의선&6호선
subway,월드컵경기장역,,37.56999897,126.8988995,,2620,,6호선
subway,마포구청역,,37.56370635,126.9029828,,2621,,6호선
subway,망원역,,37.55553805,126.9097839,,2622,,6호선
subway,상수역,,37.54743137,126.9228661,,2624,,6호선
subway,광흥창역,,37.54748027,126.9318782,,2625,,6호선
subway,대흥역,,37.54760476,126.9420354,,2626,,6호선
subway,효창공원앞역,,37.53929516,126.9619786,,2628,,6호선
subway,녹사평역,,37.53472741,126.9867544,,2630,,6호선
subway,이태원역,,37.53441098,126.9945431,,2631,,6호선
subway,한강진역,,37.53957207,127.0014899,,2632,,6호선
subway,버티고개역,,37.54810618,127.0063106,,2633,,6호선
subway,창신역,,37.57962209,127.0150976,,2638,,6호선
subway,보문역,,37.58548516,127.0191972,,2639,,6호선
subway,안암역,,37.58609595,127.0290474,,2640,,6호선
subway,고려대역,,37.59003319,127.0361457,,2641,,6호선
subway,월곡역,,37.60189568,127.0414193,,2642,,6호선
subway,상월곡역,,37.60637282,127.0483616,,2643,,6호선
subway,돌곶이역,,37.61070098,127.0570307,,2644,,6호선
subway,태릉입구역,,37.61806104,127.0752269,,2646,,7호선&6호선
subway,화랑대역,,37.62012,127.0844129,,2647,,6호선
subway,봉화산역,,37.61725695,127.0914231,,2648,,6호선
subway,장암역,,37.6996398,127.053092,,2711,,7호선
subway,수락산역,,37.67767318,127.0552986,,2713,,7호선
subway,마들역,,37.66500431,127.0578509,,2714,,7호선
subway,중계역,,37.64503547,127.0642626,,2716,,7호선
subway,하계역,,37.63625762,127.0685015,,2717,,7호선
subway,공릉역,,37.62545048,127.072955,,2718,,7호선
subway,먹골역,,37.61079034,127.0777204,,2720,,7호선
subway,중화역,,37.602284,127.079356,,2721,,7호선
subway,상봉역,,37.59600907,127.0853282,,2722,,중앙선&7호선
subway,면목역,,37.58873493,127.0872675,,2723,,7호선
subway,사가정역,,37.58090631,127.0884359,,2724,,7호선
subway,용마산역,,37.57389773,127.0869426,,2725,,7호선
subway,중곡역,,37.56588086,127.0842396,,2726,,7호선
subway,어린이대공원역,,37.54796107,127.0746871,,2728,,7호선
subway,뚝섬유원지역,,37.53193152,127.0669962,,2730,,7호선
subway,청담역,,37.51937827,127.0537052,,2731,,7호선
subway,강남구청역,,37.51696842,127.0413514,,2732,,분당선&7호선
subway,학동역,,37.5139619,127.0318938,,2733,,7호선
subway,논현역,,37.51112775,127.0216318,,2734,,7호선
subway,반포역,,37.50827106,127.0116917,,2735,,7호선
subway,내방역,,37.48763835,126.993462,,2737,,7호선
subway,남성역,,37.48455327,126.9710527,,2739,,7호선
subway,숭실대입구역,,37.49613452,126.9540404,,2740,,7호선
subway,상도역,,37.50274534,126.9481418,,2741,,7호선
subway,장승배기역,,37.50471573,126.9387896,,2742,,7호선
subway,신대방삼거리역,,37.49997024,126.9279823,,2743,,7호선
subway,보라매역,,37.50013474,126.9205047,,2744,,7호선
subway,신풍역,,37.50029961,126.9094218,,2745,,7호선
subway,남구로역,,37.48585346,126.8872693,,2747,,7호선
subway,철산역,,37.47633015,126.8685713,,2749,,7호선
subway,광명사거리역,,37.47922264,126.8550897,,2750,,7호선
subway,천왕역,,37.48705108,126.8389644,,2751,,7호선
subway,까치울역,,37.5062436,126.8108744,,2753,,7호선
subway,부천종합운동장역,,37.50514051,126.7977581,,2754,,7호선
subway,춘의역,,37.50367969,126.786905,,2755,,7호선
subway,신중동역,,37.50329908,126.7760491,,2756,,7호선
subway,부천시청역,,37.50471672,126.7638306,,2757,,7호선
subway,상동역,,37.50577651,126.7534223,,2758,,7호선
subway,삼산체육관역,,37.50683241,126.7416565,,2759,,7호선
subway,굴포천역,,37.50681216,126.7326087,,2760,,7호선
subway,암사역,,37.55007512,127.1276772,,2811,,8호선
subway,강동구청역,,37.53048774,127.1205484,,2813,,8호선
subway,몽촌토성역,,37.51738441,127.1123878,,2814,,8호선
subway,석촌역,,37.50557507,127.1074484,,2816,,8호선
subway,송파역,,37.49951638,127.111805,,2817,,8호선
subway,가락시장역,,37.4930301,127.118354,,2818,,8호선&3호선
subway,문정역,,37.48572067,127.1224492,,2819,,8호선
subway,장지역,,37.47858076,127.1262816,,2820,,8호선
subway,산성역,,37.45647219,127.1494915,,2822,,8호선
subway,남한산성입구역,,37.45161833,127.1600285,,2823,,8호선
subway,단대오거리역,,37.44522597,127.1564214,,2824,,8호선
subway,신흥역,,37.44101361,127.1473276,,2825,,8호선
subway,수진역,,37.43744311,127.140437,,2826,,8호선
subway,계양역,,37.57157582,126.7360074,,3110,,공항철도 1호선&경의선
subway,부평구청역,,37.5085857,126.7203874,,3118,,7호선
subway,원인재역,,37.41237064,126.687886,,3130,,수인선
subway,개화역,,37.57840075,126.7971058,,4101,,9호선
subway,공항시장역,,37.56364796,126.8110905,,4103,,9호선
subway,신방화역,,37.56726124,126.8169672,,4104,,9호선
subway,마곡나루역,,37.56691666,126.8273815,,4105,,9호선
subway,양천향교역,,37.56791009,126.8417771,,4106,,9호선
subway,가양역,,37.5611873,126.8545582,,4107,,9호선
subway,증미역,,37.55795092,126.8604497,,4108,,9호선
subway,등촌역,,37.55110873,126.8649893,,4109,,9호선
subway,염창역,,37.54697504,126.8747285,,4110,,9호선
subway,신목동역,,37.5439205,126.883243,,4111,,9호선
subway,선유도역,,37.53780332,126.8932185,,4112,,9호선
subway,국회의사당역,,37.5280132,126.9176689,,4114,,9호선
subway,샛강역,,37.51684779,126.9280879,,4116,,9호선
subway,노들역,,37.51289644,126.953428,,4118,,9호선
subway,흑석역,,37.50893583,126.963836,,4119,,9호선
subway,구반포역,,37.50173301,126.9873626,,4121,,9호선
subway,신반포역,,37.50353575,126.9964098,,4122,,9호선
subway,사평역,,37.50447929,127.0154097,,4124,,9호선
subway,신논현역,,37.50465793,127.0251812,,4125,,9호선
subway,언주역,,37.50717857,127.03423,,4126,,9호선2단계
subway,삼성중앙역,,37.51221775,127.0523293,,4128,,9호선2단계
subway,봉은사역,,37.51401596,127.0604745,,4129,,9호선2단계
subway,검암역,,37.56921989,126.6733521,,4209,,공항철도 1호선&경의선
subway,청라국제도시역,,37.55609699,126.6236136,,4210,,공항철도 1호선
subway,운서역,,37.49272157,126.4938496,,4211,,공항철도 1호선
subway,공항화물청사역,,37.4589536,126.4776214,,4212,,공항철도 1호선
subway,인천국제공항역,,37.44730632,126.4523888,,4213,,공항철도 1호선